Deck Name,URL,Player,Card Kingdom,TCG Player,Manatraders,Cardhoarder
Gruul Adventure,http://www.mtgtop8.com/event?e=27430&d=417789&f=ST,Camilo Mora,357,233,34.95,166
Mono Green Aggro,http://www.mtgtop8.com/event?e=27346&d=416842&f=ST,Shawn Montgomery,261,291,9.95,78
Mono Green Aggro,http://www.mtgtop8.com/event?e=27346&d=416844&f=ST,Rezedentgenius,192,222,9.95,77
Mono Green Aggro,http://www.mtgtop8.com/event?e=27429&d=417787&f=ST,Kenton Stalder,383,314,34.95,111
Mono Green Aggro,http://www.mtgtop8.com/event?e=27362&d=417000&f=ST,Allan Araujo Gontijo,168,203,34.95,76
Adventure,http://www.mtgtop8.com/event?e=27349&d=416871&f=ST,Fernando Ortiz,389,413,34.95,306
Adventure,http://www.mtgtop8.com/event?e=27349&d=416869&f=ST,Dice2k6,377,395,34.95,306
Adventure,http://www.mtgtop8.com/event?e=27414&d=417594&f=ST,Tangrams,183,269,34.95,156
Mono Green Aggro,http://www.mtgtop8.com/event?e=27430&d=417788&f=ST,Yuhei Komatsu,404,335,34.95,121
Adventure,http://www.mtgtop8.com/event?e=27307&d=416279&f=ST,Parker Pham,381,405,34.95,166
Gruul Adventure,http://www.mtgtop8.com/event?e=27412&d=417576&f=ST,Hajime Sugawara,408,274,34.95,214
Adventure,http://www.mtgtop8.com/event?e=27350&d=416877&f=ST,Thales Alexandre Albuquerque,330,330,34.95,155
Mono Green Aggro,http://www.mtgtop8.com/event?e=27379&d=417150&f=ST,jankyb,192,222,9.95,76
Mono Green Aggro,http://www.mtgtop8.com/event?e=27340&d=416771&f=ST,Emma Echols,248,278,34.95,90
Adventure,http://www.mtgtop8.com/event?e=27411&d=417546&f=ST,Tomohiro Nakagawa,181,188,34.95,141
Mono Green Aggro,http://www.mtgtop8.com/event?e=27430&d=417794&f=ST,Atelier,567,473,34.95,156
Mono Green Aggro,http://www.mtgtop8.com/event?e=27430&d=417790&f=ST,Tomohiro Tsuda,404,335,34.95,121
Adventure,http://www.mtgtop8.com/event?e=27431&d=417806&f=ST,Alejandro Medina Sandín,159,136,34.95,138
Adventure,http://www.mtgtop8.com/event?e=27381&d=417159&f=ST,Paulo César Palhares Lima,450,500,59.95,328
Gruul Adventure,http://www.mtgtop8.com/event?e=27412&d=417578&f=ST,Shohei Yamamoto,408,273,34.95,216
Adventure,http://www.mtgtop8.com/event?e=27448&d=418014&f=ST,HEROtsukai,285,279,34.95,173
Adventure,http://www.mtgtop8.com/event?e=27435&d=417874&f=ST,Matías Arvigo,204,192,34.95,144
Adventure,http://www.mtgtop8.com/event?e=27411&d=417545&f=ST,Noriyuki Mori,208,178,34.95,154
Adventure,http://www.mtgtop8.com/event?e=27329&d=416552&f=ST,kasa,337,334,34.95,160
Adventure,http://www.mtgtop8.com/event?e=27411&d=417556&f=ST,Thiago Jachelli,255,260,34.95,152
Adventure,http://www.mtgtop8.com/event?e=27329&d=416557&f=ST,trukanshii,355,374,34.95,160
Gruul Adventure,http://www.mtgtop8.com/event?e=27435&d=417872&f=ST,Caleb Durward,405,280,34.95,141
Mono Green Aggro,http://www.mtgtop8.com/event?e=27348&d=416855&f=ST,Elijah Woodbury,193,215,34.95,87
Adventure,http://www.mtgtop8.com/event?e=27329&d=416558&f=ST,duofanel,337,335,34.95,161
Adventure,http://www.mtgtop8.com/event?e=27348&d=416857&f=ST,Jason Williamson,344,367,34.95,155
Mono Green Aggro,http://www.mtgtop8.com/event?e=27386&d=417205&f=ST,Futatsugami Takahito,262,292,34.95,81
Mono Green Aggro,http://www.mtgtop8.com/event?e=27423&d=417734&f=ST,Yosida Minoru,242,322,34.95,89
Mono Green Aggro,http://www.mtgtop8.com/event?e=27329&d=416545&f=ST,thinenagooyen,180,209,34.95,75
Mono Green Aggro,http://www.mtgtop8.com/event?e=27307&d=416280&f=ST,Tulio Filho,142,176,9.95,66
Mono Green Aggro,http://www.mtgtop8.com/event?e=27317&d=416415&f=ST,Brandon Sheffer,213,244,34.95,74
Red Deck Wins,http://www.mtgtop8.com/event?e=27411&d=417543&f=ST,Michael Craven,115,113,9.95,47
Mono Green Aggro,http://www.mtgtop8.com/event?e=27329&d=416551&f=ST,Mogged,204,240,9.95,71
Red Deck Wins,http://www.mtgtop8.com/event?e=27424&d=417746&f=ST,Lucas Garofolo,158,112,9.95,63
Red Deck Wins,http://www.mtgtop8.com/event?e=27346&d=416841&f=ST,Tyler Heule,113,125,9.95,49
Mono Green Aggro,http://www.mtgtop8.com/event?e=27329&d=416543&f=ST,tagosaku,142,176,9.95,66
Red Deck Wins,http://www.mtgtop8.com/event?e=27418&d=417652&f=ST,Lucas Garofolo,158,112,9.95,63
Mono Green Aggro,http://www.mtgtop8.com/event?e=27329&d=416544&f=ST,_Batutinha_,179,209,34.95,84
Red Deck Wins,http://www.mtgtop8.com/event?e=27419&d=417664&f=ST,Zack Fink,123,119,9.95,48
Red Deck Wins,http://www.mtgtop8.com/event?e=27445&d=417985&f=ST,Thanh Van,41,59,9.95,9
Red Deck Wins,http://www.mtgtop8.com/event?e=27317&d=416414&f=ST,Tyler Heule,113,125,9.95,49
Mono Green Aggro,http://www.mtgtop8.com/event?e=27343&d=416794&f=ST,Ohkawa Yusuke,142,176,9.95,66
Red Deck Wins,http://www.mtgtop8.com/event?e=27365&d=417024&f=ST,Brandon Burton,113,125,9.95,49
Red Deck Wins,http://www.mtgtop8.com/event?e=27349&d=416870&f=ST,Lucas Garofolo,115,119,9.95,49
Red Deck Wins,http://www.mtgtop8.com/event?e=27349&d=416872&f=ST,Tyler Heule,113,125,9.95,49
Red Deck Wins,http://www.mtgtop8.com/event?e=27411&d=417558&f=ST,Davis Munsat,111,120,9.95,47
Red Deck Wins,http://www.mtgtop8.com/event?e=27221&d=414164&f=ST,Tyler Heule,113,125,9.95,49
Red Deck Wins,http://www.mtgtop8.com/event?e=27419&d=417654&f=ST,Brandon Burton,140,118,9.95,55
Red Deck Wins,http://www.mtgtop8.com/event?e=27448&d=418016&f=ST,mahzinha_linda,139,123,9.95,55
Red Deck Wins,http://www.mtgtop8.com/event?e=27258&d=414578&f=ST,empen,116,132,9.95,50
Mono Green Aggro,http://www.mtgtop8.com/event?e=27305&d=416254&f=ST,Allan Araujo Gontijo,148,182,9.95,66
Red Deck Wins,http://www.mtgtop8.com/event?e=27448&d=418022&f=ST,komattaman,121,123,9.95,48
Red Deck Wins,http://www.mtgtop8.com/event?e=27390&d=417321&f=ST,Matheus Akio Yanagiura,155,121,9.95,62
Red Deck Wins,http://www.mtgtop8.com/event?e=27448&d=418011&f=ST,jankyb,110,120,9.95,47
Red Deck Wins,http://www.mtgtop8.com/event?e=27340&d=416778&f=ST,Jeffrey Morra,115,128,9.95,57
Red Deck Wins,http://www.mtgtop8.com/event?e=27348&d=416859&f=ST,Tyler Heule,113,119,9.95,49
Winota,http://www.mtgtop8.com/event?e=27030&d=411807&f=ST,Spencer Howland,114,121,9.95,49
Rakdos Aggro,http://www.mtgtop8.com/event?e=27143&d=413502&f=ST,Zack Fink,205,221,9.95,84
Rakdos Aggro,http://www.mtgtop8.com/event?e=27229&d=414274&f=ST,Hosokawa Yuuya,206,229,9.95,104
Rakdos Aggro,http://www.mtgtop8.com/event?e=27423&d=417733&f=ST,Morii Kenta,234,253,34.95,133
Rakdos Aggro,http://www.mtgtop8.com/event?e=27317&d=416412&f=ST,Tarik Browne,222,243,9.95,113
Winota,http://www.mtgtop8.com/event?e=27386&d=417204&f=ST,Kikuchi?shuji,184,182,9.95,71
Rakdos Aggro,http://www.mtgtop8.com/event?e=27329&d=416547&f=ST,msskinbolic,206,189,9.95,55
Rakdos Aggro,http://www.mtgtop8.com/event?e=27340&d=416776&f=ST,Theshunned,227,260,9.95,45
Rakdos Aggro,http://www.mtgtop8.com/event?e=27231&d=414297&f=ST,_Falcon_,211,221,9.95,93
Rakdos Aggro,http://www.mtgtop8.com/event?e=27379&d=417148&f=ST,bolov0,207,190,9.95,55
Rakdos Aggro,http://www.mtgtop8.com/event?e=27386&d=417206&f=ST,Iwamoto Junji,224,202,9.95,89
Rakdos Aggro,http://www.mtgtop8.com/event?e=27433&d=417849&f=ST,Florian Klein,251,205,34.95,159
Winota,http://www.mtgtop8.com/event?e=27001&d=411527&f=ST,Rashid Davis,291,290,34.95,142
Rakdos Aggro,http://www.mtgtop8.com/event?e=27231&d=414305&f=ST,Promidnightz,243,225,9.95,97
Rakdos Aggro,http://www.mtgtop8.com/event?e=27231&d=414304&f=ST,rastaf,206,189,9.95,55
Rakdos Aggro,http://www.mtgtop8.com/event?e=27329&d=416550&f=ST,Oliver_Hart,199,209,9.95,84
Rakdos Aggro,http://www.mtgtop8.com/event?e=27308&d=416295&f=ST,Suzuki Makoto,221,197,34.95,125
Winota,http://www.mtgtop8.com/event?e=27329&d=416554&f=ST,paucr5,272,277,9.95,98
Winota,http://www.mtgtop8.com/event?e=27194&d=413960&f=ST,Paulo Henrique Santos,272,277,9.95,98
Rakdos Aggro,http://www.mtgtop8.com/event?e=27390&d=417318&f=ST,Mitch Evett,274,228,34.95,165
Rakdos Aggro,http://www.mtgtop8.com/event?e=27379&d=417143&f=ST,Xuxa,186,198,9.95,66
Rakdos Aggro,http://www.mtgtop8.com/event?e=27329&d=416549&f=ST,_Falcon_,206,189,9.95,54
Winota,http://www.mtgtop8.com/event?e=26961&d=410965&f=ST,Angel_of_grace,265,273,9.95,91
Winota,http://www.mtgtop8.com/event?e=27157&d=413659&f=ST,Inaste Noquar,258,264,9.95,78
Rakdos Aggro,http://www.mtgtop8.com/event?e=27348&d=416852&f=ST,Zack Fink,196,212,9.95,79
Rakdos Aggro,http://www.mtgtop8.com/event?e=27231&d=414296&f=ST,pokerswizard,243,226,9.95,97
Rakdos Aggro,http://www.mtgtop8.com/event?e=27231&d=414298&f=ST,Thommimp,176,185,9.95,60
6 Winota,http://www.mtgtop8.com/event?e=27042&d=412052&f=ST,Mitch Sachs,309,308,34.95,110
Winota,http://www.mtgtop8.com/event?e=27258&d=414580&f=ST,GYBA,258,264,9.95,78
Winota,http://www.mtgtop8.com/event?e=27258&d=414591&f=ST,wilson5434,272,277,9.95,98
Winota,http://www.mtgtop8.com/event?e=26898&d=409716&f=ST,Case Johnson,194,186,9.95,88
Winota,http://www.mtgtop8.com/event?e=26878&d=409542&f=ST,David Pierce,265,275,9.95,90
Temur Yorion Elementals,http://www.mtgtop8.com/event?e=27302&d=416231&f=ST,Ignacio Villasuso,688,850,59.95,288
Winota,http://www.mtgtop8.com/event?e=26881&d=409573&f=ST,Mitch Sachs,314,310,34.95,110
Temur Flash,http://www.mtgtop8.com/event?e=27157&d=413656&f=ST,Gustavo Martins Da Silva,480,463,34.95,258
Temur Yorion Elementals,http://www.mtgtop8.com/event?e=27225&d=414256&f=ST,Jeffrey Lynch,688,850,59.95,288
Winota,http://www.mtgtop8.com/event?e=26938&d=410258&f=ST,Theresa Connah-haymond,194,186,9.95,88
Temur Yorion Elementals,http://www.mtgtop8.com/event?e=27225&d=414246&f=ST,Bombhunter12,621,728,34.95,235
Winota,http://www.mtgtop8.com/event?e=26969&d=411154&f=ST,Theresa Connah-haymond,194,186,9.95,88
Temur Yorion Elementals,http://www.mtgtop8.com/event?e=27239&d=414385&f=ST,Bombhunter12,621,728,34.95,235
Temur Aggro,http://www.mtgtop8.com/event?e=27418&d=417651&f=ST,Mooch,434,354,34.95,279
Temur Aggro,http://www.mtgtop8.com/event?e=27424&d=417747&f=ST,Mooch,434,359,34.95,281
Temur Yorion Elementals,http://www.mtgtop8.com/event?e=27136&d=413459&f=ST,Shawn Montgomery,678,847,34.95,292
Temur Aggro,http://www.mtgtop8.com/event?e=27246&d=414459&f=ST,Sawada Ken,398,390,34.95,194
Temur Flash,http://www.mtgtop8.com/event?e=27040&d=411922&f=ST,Luke Hartmann,509,493,34.95,258
Temur Yorion Elementals,http://www.mtgtop8.com/event?e=27133&d=413424&f=ST,Shawn Montgomery,666,821,34.95,288
Winota,http://www.mtgtop8.com/event?e=26969&d=411150&f=ST,Adam B,362,357,34.95,197
Temur Flash Aggro,http://www.mtgtop8.com/event?e=27014&d=411681&f=ST,Alac Springer,492,505,34.95,263
Temur Flash Aggro,http://www.mtgtop8.com/event?e=27307&d=416278&f=ST,Gustavo Martins Da Silva,453,450,34.95,229
Temur Yorion Elementals,http://www.mtgtop8.com/event?e=27239&d=414371&f=ST,Jeffrey Lynch,688,850,59.95,288
6 Temur Elemental,http://www.mtgtop8.com/event?e=27045&d=412519&f=ST,S S,569,604,59.95,282
Temur Elemental,http://www.mtgtop8.com/event?e=27005&d=411567&f=ST,Santos Nic,626,702,59.95,294
Winota,http://www.mtgtop8.com/event?e=26930&d=410187&f=ST,Mitch Sachs,314,312,34.95,110
Winota,http://www.mtgtop8.com/event?e=26902&d=409762&f=ST,Guido Quintana,268,274,9.95,82
6 Winota,http://www.mtgtop8.com/event?e=26930&d=410175&f=ST,Simon Nielsen,277,282,9.95,74
Winota,http://www.mtgtop8.com/event?e=26945&d=410316&f=ST,David Pierce,148,149,9.95,77
Temur Flash Aggro,http://www.mtgtop8.com/event?e=27034&d=411882&f=ST,Gustavo Martins Da Silva,524,505,34.95,279
Temur Yorion Elementals,http://www.mtgtop8.com/event?e=27045&d=412548&f=ST,Takumi Yamasaki,646,807,34.95,269
Temur Elemental,http://www.mtgtop8.com/event?e=27037&d=411903&f=ST,Vitor Botechi,522,553,34.95,275
Temur Yorion Elementals,http://www.mtgtop8.com/event?e=27037&d=411902&f=ST,Lucas Otuzi,704,844,59.95,313
Mono Black Aggro,http://www.mtgtop8.com/event?e=27321&d=416462&f=ST,Matheus Da Silva,112,130,9.95,60
Mono Black Aggro,http://www.mtgtop8.com/event?e=27423&d=417735&f=ST,Iwamoto Daisuke,95,102,9.95,31
Mono Black Aggro,http://www.mtgtop8.com/event?e=27423&d=417729&f=ST,Matsushika Kouhei,120,105,9.95,59
Mono Black Aggro,http://www.mtgtop8.com/event?e=27027&d=411776&f=ST,Yojiro Futamata,162,118,9.95,67
Mono Black Aggro,http://www.mtgtop8.com/event?e=27071&d=412753&f=ST,David Pierce,142,129,9.95,94
Mono Black Aggro,http://www.mtgtop8.com/event?e=27194&d=413962&f=ST,Matheus Da Silva,160,147,9.95,72
Mono Black Aggro,http://www.mtgtop8.com/event?e=26957&d=410921&f=ST,Sven Restel,138,126,9.95,93
Mono Black Aggro,http://www.mtgtop8.com/event?e=27142&d=413499&f=ST,Yamada Tsuyoki,175,160,9.95,78
Mono Black Aggro,http://www.mtgtop8.com/event?e=27142&d=413496&f=ST,Kikuchi Shuji,159,143,9.95,75
Mono Black Aggro,http://www.mtgtop8.com/event?e=26835&d=408562&f=ST,Kikuchi Shuji,158,142,9.95,69
Mono Black Aggro,http://www.mtgtop8.com/event?e=26802&d=408036&f=ST,Marcelo Adao,122,110,9.95,62
Mono Black Aggro,http://www.mtgtop8.com/event?e=26834&d=408556&f=ST,Jerome Cruz,18,34,9.95,2
Mono Black Aggro,http://www.mtgtop8.com/event?e=26968&d=411139&f=ST,Oda Masao,83,101,9.95,55
Mono Black Aggro,http://www.mtgtop8.com/event?e=26735&d=407273&f=ST,Allan Araujo Gontijo,117,102,9.95,56
Gruul Aggro,http://www.mtgtop8.com/event?e=27390&d=417316&f=ST,Zachary Borotsik,503,262,34.95,194
Mono Black Aggro,http://www.mtgtop8.com/event?e=26731&d=407223&f=ST,Allen Sun,145,132,9.95,72
Mono Black Aggro,http://www.mtgtop8.com/event?e=26734&d=407264&f=ST,Claudio De Marco,116,101,9.95,56
6 Mono Black Aggro,http://www.mtgtop8.com/event?e=26950&d=410838&f=ST,Reamonn Behal,126,113,9.95,68
Gruul Adventure Aggro,http://www.mtgtop8.com/event?e=27418&d=417650&f=ST,Rezedentgenius,303,299,34.95,120
Gruul Aggro,http://www.mtgtop8.com/event?e=27393&d=417363&f=ST,Robert Taylor,409,268,59.95,218
Gruul Aggro,http://www.mtgtop8.com/event?e=27445&d=417987&f=ST,Howen King,80,85,9.95,33
Mono Black Aggro,http://www.mtgtop8.com/event?e=26766&d=407603&f=ST,Gage Bunting,115,104,9.95,57
Mono Black Aggro,http://www.mtgtop8.com/event?e=26826&d=408466&f=ST,Alejandro Solís,137,120,9.95,71
Gruul Aggro,http://www.mtgtop8.com/event?e=27408&d=417491&f=ST,Jason Fleurant,408,274,34.95,216
Gruul Adventure Aggro,http://www.mtgtop8.com/event?e=27434&d=417853&f=ST,Carlos Lopez,308,233,34.95,146
Mono Black Aggro,http://www.mtgtop8.com/event?e=26825&d=408459&f=ST,Alejandro Solís,137,121,9.95,71
Gruul Aggro,http://www.mtgtop8.com/event?e=27390&d=417320&f=ST,Tom Maxwell,409,269,59.95,217
6 Gruul Aggro,http://www.mtgtop8.com/event?e=27390&d=417278&f=ST,Beesuitpoogie,438,254,34.95,142
Gruul Aggro,http://www.mtgtop8.com/event?e=27408&d=417479&f=ST,Gino Bautista,409,269,59.95,217
6 Gruul Aggro,http://www.mtgtop8.com/event?e=27390&d=417276&f=ST,Brandon Lee,241,251,34.95,126
Gruul Adventure Aggro,http://www.mtgtop8.com/event?e=27048&d=412588&f=ST,Paulo Chiozzani,240,250,34.95,92
Gruul Aggro,http://www.mtgtop8.com/event?e=27381&d=417156&f=ST,Humberto Casagrande,557,455,34.95,181
UR Aggro,http://www.mtgtop8.com/event?e=27324&d=416496&f=ST,Joeri Claes,61,98,9.95,24
Gruul Aggro,http://www.mtgtop8.com/event?e=27303&d=416235&f=ST,Ignacio Valenzuela,250,269,34.95,99
Gruul Aggro,http://www.mtgtop8.com/event?e=27346&d=416843&f=ST,Carlos Baeza,276,293,34.95,122
Gruul Aggro,http://www.mtgtop8.com/event?e=27386&d=417209&f=ST,Mamada Chikashi,225,225,9.95,88
Gruul Aggro,http://www.mtgtop8.com/event?e=26972&d=411188&f=ST,Mamada Chikashi,225,223,9.95,88
Gruul Aggro,http://www.mtgtop8.com/event?e=27168&d=413764&f=ST,Thanh Van,33,45,9.95,10
Gruul Adventure Aggro,http://www.mtgtop8.com/event?e=26850&d=409233&f=ST,Andrew Macarico,252,257,9.95,79
Gruul Adventure Aggro,http://www.mtgtop8.com/event?e=27036&d=411891&f=ST,Suzuki Makoto,313,310,34.95,122
UR Aggro,http://www.mtgtop8.com/event?e=27122&d=413316&f=ST,Oono Eisuke,167,185,34.95,151
UR Aggro,http://www.mtgtop8.com/event?e=27004&d=411552&f=ST,Gen_kie,145,160,34.95,125
UR Aggro,http://www.mtgtop8.com/event?e=26988&d=411393&f=ST,Thijs Weytens,35,66,9.95,21
UR Aggro,http://www.mtgtop8.com/event?e=26880&d=409561&f=ST,Cameron Sullivan,120,143,9.95,66
UR Aggro,http://www.mtgtop8.com/event?e=26877&d=409532&f=ST,Ward Beutels,33,59,9.95,5
UR Aggro,http://www.mtgtop8.com/event?e=27067&d=412714&f=ST,Elijah Woodbury,130,156,34.95,104
Gruul Aggro,http://www.mtgtop8.com/event?e=27082&d=412906&f=ST,Suzuki Makoto,268,263,34.95,116
UR Aggro,http://www.mtgtop8.com/event?e=26834&d=408560&f=ST,Leomar Rebollido,26,51,9.95,2
UR Aggro,http://www.mtgtop8.com/event?e=27006&d=411586&f=ST,Martinlichking,130,156,34.95,104
UR Aggro,http://www.mtgtop8.com/event?e=27055&d=412655&f=ST,rastaf,148,169,34.95,125
UR Aggro,http://www.mtgtop8.com/event?e=26917&d=409966&f=ST,Matsuo Shintarou,133,160,34.95,108
UR Aggro,http://www.mtgtop8.com/event?e=26816&d=408323&f=ST,Brendon Hansard,207,223,34.95,165
UR Aggro,http://www.mtgtop8.com/event?e=26868&d=409444&f=ST,Martin Stübe,154,172,34.95,138
UR Aggro,http://www.mtgtop8.com/event?e=27082&d=412904&f=ST,Oinuma Yutaka,152,171,34.95,128
UR Aggro,http://www.mtgtop8.com/event?e=27082&d=412907&f=ST,Kobayashi Hironori,130,156,34.95,104
UR Aggro,http://www.mtgtop8.com/event?e=26911&d=409877&f=ST,Michael Bonde,120,143,9.95,66
UR Aggro,http://www.mtgtop8.com/event?e=26950&d=410843&f=ST,Anthony Arevalo,130,156,34.95,104
UR Aggro,http://www.mtgtop8.com/event?e=26846&d=409171&f=ST,Cameron Sullivan,105,132,9.95,63
UR Aggro,http://www.mtgtop8.com/event?e=26839&d=408753&f=ST,Shota Takao,153,170,34.95,138
UR Aggro,http://www.mtgtop8.com/event?e=26930&d=410178&f=ST,Gen_kie,145,160,34.95,130
Simic Aggro,http://www.mtgtop8.com/event?e=27295&d=416182&f=ST,Igor,73,105,9.95,53
Simic Flash Aggro,http://www.mtgtop8.com/event?e=26827&d=408482&f=ST,Julio Potes,376,357,34.95,236
Simic Aggro,http://www.mtgtop8.com/event?e=27317&d=416416&f=ST,Antonio Trujillo,161,176,34.95,91
Simic Flash,http://www.mtgtop8.com/event?e=26923&d=410017&f=ST,Luis Gustavo Gomes Pereira,402,424,59.95,290
Weenie White,http://www.mtgtop8.com/event?e=26872&d=409489&f=ST,David Carrera,142,152,9.95,43
Weenie White,http://www.mtgtop8.com/event?e=26777&d=407706&f=ST,James Rozelle,142,150,9.95,49
Weenie White,http://www.mtgtop8.com/event?e=27134&d=413433&f=ST,Richard Jarosz,165,172,9.95,40
Weenie White,http://www.mtgtop8.com/event?e=27137&d=413470&f=ST,Christopher Caravello,79,92,9.95,24
Simic Flash Aggro,http://www.mtgtop8.com/event?e=26784&d=407812&f=ST,Martin Stübe,364,366,34.95,227
Simic Flash Aggro,http://www.mtgtop8.com/event?e=26761&d=407538&f=ST,Noam Zimet,378,355,34.95,237
Simic Aggro,http://www.mtgtop8.com/event?e=27194&d=413961&f=ST,Christopher Caravello,498,508,59.95,303
Simic Aggro,http://www.mtgtop8.com/event?e=26804&d=408074&f=ST,André Santos,449,494,34.95,137
Simic Flash,http://www.mtgtop8.com/event?e=26911&d=409878&f=ST,Martin Stübe,320,307,34.95,160
Simic Aggro,http://www.mtgtop8.com/event?e=26789&d=407890&f=ST,Eric Froehlich,449,493,34.95,137
Weenie White,http://www.mtgtop8.com/event?e=26856&d=409313&f=ST,David Carrera,52,67,9.95,9
Simic Flash,http://www.mtgtop8.com/event?e=27082&d=412909&f=ST,Katou Ryuu,205,227,9.95,94
Simic Flash,http://www.mtgtop8.com/event?e=26906&d=409820&f=ST,Bavan Schimper,233,255,34.95,145
Weenie White,http://www.mtgtop8.com/event?e=26764&d=407582&f=ST,James Rozelle,142,150,9.95,49
Weenie White,http://www.mtgtop8.com/event?e=26741&d=407333&f=ST,Ben Todd,32,44,9.95,5
Simic Flash,http://www.mtgtop8.com/event?e=26981&d=411294&f=ST,Martin Stübe,302,294,34.95,136
Simic Flash,http://www.mtgtop8.com/event?e=26947&d=410321&f=ST,Yamaguchi Kazuhiro,109,119,9.95,90
Simic Elemental Aggro,http://www.mtgtop8.com/event?e=27055&d=412653&f=ST,fpawlusz,423,473,34.95,158
Simic Aggro,http://www.mtgtop8.com/event?e=26855&d=409309&f=ST,Takeno Ryou,572,626,59.95,282
WW All That Glitters,http://www.mtgtop8.com/event?e=26916&d=409951&f=ST,Nelson Rodrigues,30,40,9.95,15
Simic Aggro,http://www.mtgtop8.com/event?e=27006&d=411585&f=ST,Christopher Caravello,500,515,59.95,304
WW All That Glitters,http://www.mtgtop8.com/event?e=27034&d=411883&f=ST,Nelson Rodrigues,30,40,9.95,15
Weenie White,http://www.mtgtop8.com/event?e=26822&d=408411&f=ST,Jonathan Perez,52,66,9.95,8
6 Simic Flash,http://www.mtgtop8.com/event?e=26930&d=410180&f=ST,Yuma Yamamoto,358,374,34.95,180
Weenie White,http://www.mtgtop8.com/event?e=26664&d=406442&f=ST,PTarts2win,51,64,9.95,8
Boros Cycling Aggro,http://www.mtgtop8.com/event?e=26968&d=411137&f=ST,Machida Takahiro,14,20,9.95,1
6 Boros Aggro,http://www.mtgtop8.com/event?e=27390&d=417273&f=ST,Meatballs12345,227,106,34.95,79
Boros Cycling Aggro,http://www.mtgtop8.com/event?e=27399&d=417405&f=ST,Bruno Mendes,54,48,9.95,22
Boros Cycling Aggro,http://www.mtgtop8.com/event?e=26921&d=410000&f=ST,Chris Boehm,87,88,9.95,23
Boros Cycling Aggro,http://www.mtgtop8.com/event?e=26950&d=410844&f=ST,Oliver Frith,96,99,9.95,27
Boros Cycling Aggro,http://www.mtgtop8.com/event?e=26836&d=408572&f=ST,Claudio Lupi,71,78,9.95,14
Mardu Kight Aggro,http://www.mtgtop8.com/event?e=27047&d=412575&f=ST,Maycon Guimaraes,202,213,9.95,39
Mardu Knight Aggro,http://www.mtgtop8.com/event?e=27116&d=413276&f=ST,Humberto Casagrande,201,212,9.95,39
Mardu Knights Aggro,http://www.mtgtop8.com/event?e=27008&d=411616&f=ST,Jacob Sklar,234,244,9.95,56
Mardu Knight Aggro,http://www.mtgtop8.com/event?e=27367&d=417042&f=ST,Matsunaga Takahiro,244,252,9.95,65
Boros Cycling Aggro,http://www.mtgtop8.com/event?e=26732&d=407235&f=ST,Wendy Piringer,94,95,9.95,7
Dimir Aggro,http://www.mtgtop8.com/event?e=27418&d=417653&f=ST,Rikhter,323,156,34.95,223
Dimir Midrange,http://www.mtgtop8.com/event?e=26837&d=408578&f=ST,Brant Cox,194,193,34.95,130
Sultai Aggro,http://www.mtgtop8.com/event?e=27350&d=416882&f=ST,Christopher Caravello,479,494,59.95,295
Sultai Flash,http://www.mtgtop8.com/event?e=27030&d=411809&f=ST,Brandon Pascal,463,502,34.95,226
Boros Cycling Aggro,http://www.mtgtop8.com/event?e=27055&d=412654&f=ST,kulszewe,84,89,9.95,17
Mardu Aggro,http://www.mtgtop8.com/event?e=26969&d=411151&f=ST,Zac Lee,276,285,9.95,80
Dimir Aggro,http://www.mtgtop8.com/event?e=27431&d=417805&f=ST,Giovanni Agrella,239,161,34.95,130
Boros Cycling Aggro,http://www.mtgtop8.com/event?e=27381&d=417157&f=ST,Murilo Marquez De Oliveira Filho,87,39,9.95,25
Boros Cycling Aggro,http://www.mtgtop8.com/event?e=27329&d=416556&f=ST,Hampuse1,84,89,9.95,17
Dimir Aggro,http://www.mtgtop8.com/event?e=27408&d=417494&f=ST,Victor Beauchamp,157,128,34.95,117
Dimir Flash,http://www.mtgtop8.com/event?e=27246&d=414460&f=ST,Inaba Konann,238,241,34.95,152
Sultai Aggro,http://www.mtgtop8.com/event?e=26777&d=407704&f=ST,Ian Birrell,580,598,59.95,320
Sultai Trial Midrange,http://www.mtgtop8.com/event?e=26969&d=411155&f=ST,Davis Munsat,519,527,34.95,233
Mardu Knights,http://www.mtgtop8.com/event?e=27105&d=413179&f=ST,Raffaele Lo Moro,208,224,9.95,39
6 Mardu Knight,http://www.mtgtop8.com/event?e=27132&d=413422&f=ST,Paulo Chiozzani,192,201,9.95,50
Dimir Midrange,http://www.mtgtop8.com/event?e=27105&d=413181&f=ST,Thiago da Silva,237,232,34.95,152
Sultai Aggro,http://www.mtgtop8.com/event?e=26751&d=407436&f=ST,Hgrose,521,556,34.95,176
Golgari Aggro,http://www.mtgtop8.com/event?e=27137&d=413468&f=ST,Many Toed Cat Productions,407,417,34.95,148
Golgari Aggro,http://www.mtgtop8.com/event?e=26807&d=408129&f=ST,Many Toed Cat Productions,407,418,34.95,148
Mono Blue Aggro,http://www.mtgtop8.com/event?e=26682&d=406584&f=ST,Yuzawa Ayato,150,164,34.95,115
Golgari Citadel,http://www.mtgtop8.com/event?e=27343&d=416797&f=ST,Hosokawa Yuuya,186,208,34.95,62
Sultai Aggro,http://www.mtgtop8.com/event?e=26754&d=407477&f=ST,Many Toed Cat Productions,701,724,59.95,323
Orzhov Aggro,http://www.mtgtop8.com/event?e=27002&d=411536&f=ST,Adam Hernandez,146,150,9.95,74
Orzhov Life,http://www.mtgtop8.com/event?e=26834&d=408559&f=ST,Rizalino Jose Sanchez,20,48,9.95,2
Golgari Aggro,http://www.mtgtop8.com/event?e=26733&d=407255&f=ST,William Lutes,249,276,34.95,105
Selesnya Aggro,http://www.mtgtop8.com/event?e=27367&d=417043&f=ST,Ide Kazushige,144,157,9.95,25
Mono Blue Aggro,http://www.mtgtop8.com/event?e=26899&d=409731&f=ST,Rashid Davis,106,118,34.95,106
Mono Blue Aggro,http://www.mtgtop8.com/event?e=26785&d=407835&f=ST,Mark Brindley,135,145,34.95,126
Azorius Aggro,http://www.mtgtop8.com/event?e=27083&d=412914&f=ST,David Carrera,102,117,9.95,55
Abzan Aggro,http://www.mtgtop8.com/event?e=27039&d=411919&f=ST,Aaron Moller,251,278,9.95,44
Orzhov Aggro,http://www.mtgtop8.com/event?e=26877&d=409530&f=ST,Thomas Little,55,77,9.95,10
Mono Blue Aggro,http://www.mtgtop8.com/event?e=27142&d=413501&f=ST,Yuzawa Ayato,132,150,34.95,113
Abzan DOOM Yorion,http://www.mtgtop8.com/event?e=26915&d=409942&f=ST,Hgrose,254,283,9.95,51
Abzan Life,http://www.mtgtop8.com/event?e=26733&d=407254&f=ST,Joshua Claytor,277,298,34.95,69
Mono Blue Aggro,http://www.mtgtop8.com/event?e=26968&d=411138&f=ST,Onozuka Yuushi,124,136,34.95,112
Selesnya Aggro,http://www.mtgtop8.com/event?e=27308&d=416298&f=ST,Meguro Masato,151,185,9.95,32
Abzan Kethis Aggro,http://www.mtgtop8.com/event?e=26767&d=407623&f=ST,Brandon Bryant,346,378,9.95,95
Orzhov Aggro,http://www.mtgtop8.com/event?e=27435&d=417867&f=ST,Ashlizzlle,200,85,9.95,98
Selesnya Aggro,http://www.mtgtop8.com/event?e=27196&d=413979&f=ST,Machida Akira,232,252,9.95,69
Azorius Aggro,http://www.mtgtop8.com/event?e=27083&d=412911&f=ST,Manuel Lanceta,124,132,9.95,80
Golgari Aggro,http://www.mtgtop8.com/event?e=26772&d=407659&f=ST,Renzo Verkooren,76,84,9.95,28
Azorius Aggro,http://www.mtgtop8.com/event?e=27165&d=413718&f=ST,Takao Akinao,136,158,9.95,95
Selesnya Aggro,http://www.mtgtop8.com/event?e=26685&d=406627&f=ST,Peter Steenbeke,41,52,9.95,5
Grixis Aggro,http://www.mtgtop8.com/event?e=26848&d=409189&f=ST,Florian Klein,290,346,34.95,114
UR Aggro,http://www.mtgtop8.com/event?e=27324&d=416495&f=ST,Ward Beutels,33,70,9.95,5
Sultai Control,http://www.mtgtop8.com/event?e=27413&d=417581&f=ST,Roy Varney,539,579,59.95,337
6 Other,http://www.mtgtop8.com/event?e=26912&d=409891&f=ST,Andrea Cislaghi,120,145,9.95,66
Other,http://www.mtgtop8.com/event?e=26912&d=409899&f=ST,Lamario Harris,150,165,34.95,137
6 Other,http://www.mtgtop8.com/event?e=26912&d=409890&f=ST,Aaron Moller,287,318,9.95,61
6 Other,http://www.mtgtop8.com/event?e=26945&d=410304&f=ST,Martin Stübe,302,292,34.95,136
Sultai Control,http://www.mtgtop8.com/event?e=27382&d=417172&f=ST,Zac Jacques,464,477,59.95,314
Sultai Control,http://www.mtgtop8.com/event?e=27365&d=417023&f=ST,Sean Gallagher,580,622,34.95,234
Sultai Control,http://www.mtgtop8.com/event?e=27340&d=416774&f=ST,Mike Brill,581,623,34.95,234
Sultai Control,http://www.mtgtop8.com/event?e=27365&d=417022&f=ST,Slatorade,603,619,59.95,264
Sultai Control,http://www.mtgtop8.com/event?e=27393&d=417361&f=ST,Jason Williamson,491,536,59.95,316
Sultai Control,http://www.mtgtop8.com/event?e=27365&d=417025&f=ST,Scott Michonski,580,578,34.95,266
Sultai Control,http://www.mtgtop8.com/event?e=27408&d=417490&f=ST,Zach Allen,525,523,59.95,335
Sultai Control,http://www.mtgtop8.com/event?e=27340&d=416775&f=ST,Ed Bracamontes,555,558,34.95,228
Sultai Control,http://www.mtgtop8.com/event?e=27448&d=418021&f=ST,O_danielakos,484,493,59.95,337
Sultai Control,http://www.mtgtop8.com/event?e=27416&d=417633&f=ST,Lamario Harris,563,589,59.95,344
Sultai Control,http://www.mtgtop8.com/event?e=27340&d=416777&f=ST,Alfredo Barragan,610,616,59.95,292
Other,http://www.mtgtop8.com/event?e=27132&d=413430&f=ST,Wander Tiriaco,640,786,34.95,272
6 Sultai Control,http://www.mtgtop8.com/event?e=27390&d=417279&f=ST,Voltaic,478,478,59.95,314
Sultai Control,http://www.mtgtop8.com/event?e=27340&d=416772&f=ST,Eric Froehlich,603,617,59.95,264
Sultai Control,http://www.mtgtop8.com/event?e=27340&d=416773&f=ST,Max Sorgenfrey,620,648,34.95,259
Temur Control,http://www.mtgtop8.com/event?e=27445&d=417986&f=ST,Alan Schuer,45,119,9.95,14
Sultai Control,http://www.mtgtop8.com/event?e=27390&d=417317&f=ST,Jamal Clinton,449,473,59.95,308
Sultai Control,http://www.mtgtop8.com/event?e=27348&d=416856&f=ST,Zach Dubin,622,648,59.95,303
6 Temur Control,http://www.mtgtop8.com/event?e=27390&d=417272&f=ST,Jan Giersdorf,426,401,34.95,297
Sultai Control,http://www.mtgtop8.com/event?e=27348&d=416853&f=ST,Gaël Lafenêtre,605,621,59.95,319
Sultai Control,http://www.mtgtop8.com/event?e=27348&d=416854&f=ST,Zachary Okorn,588,617,59.95,320
Sultai Control,http://www.mtgtop8.com/event?e=27348&d=416858&f=ST,Alec Levy,550,556,34.95,228
Temur Control,http://www.mtgtop8.com/event?e=27308&d=416297&f=ST,Yuzawa Ayato,620,635,59.95,361
Temur Control,http://www.mtgtop8.com/event?e=27193&d=413952&f=ST,Ignacio Villasuso,620,637,59.95,361
Temur Control,http://www.mtgtop8.com/event?e=27172&d=413792&f=ST,Sancho,620,638,59.95,361
Temur Control,http://www.mtgtop8.com/event?e=27231&d=414301&f=ST,PykaPower,620,639,59.95,361
Temur Control,http://www.mtgtop8.com/event?e=27027&d=411777&f=ST,Richard Zhang,668,662,59.95,415
Temur Control,http://www.mtgtop8.com/event?e=27003&d=411544&f=ST,Erin Diaz,552,563,59.95,274
Temur Reclamation,http://www.mtgtop8.com/event?e=26750&d=407426&f=ST,Austin Yost,533,537,34.95,328
Temur Reclamation,http://www.mtgtop8.com/event?e=26749&d=407422&f=ST,Kazuki Kawata,528,540,59.95,289
Temur Control,http://www.mtgtop8.com/event?e=26763&d=407570&f=ST,Sam Jakimovski,622,631,59.95,353
Temur Control,http://www.mtgtop8.com/event?e=26787&d=407854&f=ST,Santos Nic,699,691,59.95,369
Temur Control,http://www.mtgtop8.com/event?e=27114&d=413246&f=ST,Alejandro Medina Sandín,601,593,59.95,408
Temur Control,http://www.mtgtop8.com/event?e=26781&d=407773&f=ST,Maher Samuel,630,624,59.95,354
Temur Control,http://www.mtgtop8.com/event?e=26912&d=409901&f=ST,Vlad Atheris,541,595,34.95,259
Temur Reclamation,http://www.mtgtop8.com/event?e=26749&d=407424&f=ST,Ryuji,497,501,34.95,295
Temur Reclamation,http://www.mtgtop8.com/event?e=26731&d=407228&f=ST,Lydia Aldrich,560,575,59.95,387
Omnath Ramp,http://www.mtgtop8.com/event?e=27434&d=417855&f=ST,Noam Zimet,602,602,59.95,394
Omnath Ramp,http://www.mtgtop8.com/event?e=27429&d=417786&f=ST,Riley Hicks,470,488,59.95,263
Omnath Ramp,http://www.mtgtop8.com/event?e=27413&d=417582&f=ST,Outback _,621,655,59.95,367
6 Temur Reclamation,http://www.mtgtop8.com/event?e=26728&d=407094&f=ST,Toni Ramis Pascual,566,569,59.95,337
Temur Reclamation,http://www.mtgtop8.com/event?e=26728&d=407088&f=ST,Adrian Casabo,567,574,59.95,406
Omnath Ramp,http://www.mtgtop8.com/event?e=27430&d=417793&f=ST,Hironori Tanaka,510,527,59.95,306
Omnath Ramp,http://www.mtgtop8.com/event?e=27430&d=417792&f=ST,Ryosuke Nishiura,566,594,59.95,328
Temur Reclamation,http://www.mtgtop8.com/event?e=26728&d=407089&f=ST,Nicolas King,576,577,59.95,404
Omnath Ramp,http://www.mtgtop8.com/event?e=27430&d=417791&f=ST,Zachary Okorn,501,530,59.95,298
Omnath Ramp,http://www.mtgtop8.com/event?e=27433&d=417850&f=ST,Martin Stübe,478,501,59.95,289
Omnath Ramp,http://www.mtgtop8.com/event?e=27434&d=417854&f=ST,Piroki,573,632,59.95,319
Omnath Ramp,http://www.mtgtop8.com/event?e=27434&d=417852&f=ST,Julian Felix Flury,686,780,59.95,352
Omnath Ramp,http://www.mtgtop8.com/event?e=27433&d=417848&f=ST,Tangrams,543,557,59.95,324
Omnath Ramp,http://www.mtgtop8.com/event?e=27435&d=417873&f=ST,Oliver Tiu,426,451,59.95,243
Omnath Ramp,http://www.mtgtop8.com/event?e=27433&d=417851&f=ST,Alex Friedrichsen,495,515,59.95,304
Omnath Ramp,http://www.mtgtop8.com/event?e=27435&d=417871&f=ST,Allison Warfield,660,631,59.95,327
Omnath Ramp,http://www.mtgtop8.com/event?e=27435&d=417869&f=ST,Michael Sinclair Ii,444,507,59.95,249
Omnath Ramp,http://www.mtgtop8.com/event?e=27435&d=417870&f=ST,Jana Amari,487,511,59.95,278
Omnath Ramp,http://www.mtgtop8.com/event?e=27412&d=417575&f=ST,Adam Hernandez,585,584,59.95,363
Omnath Ramp,http://www.mtgtop8.com/event?e=27412&d=417574&f=ST,Tomohiro Tsuda,525,539,59.95,309
Omnath Ramp,http://www.mtgtop8.com/event?e=27412&d=417577&f=ST,Shota Yokoyama,588,651,59.95,330
UW Control,http://www.mtgtop8.com/event?e=27222&d=414177&f=ST,Tristan Cohen-rider,187,221,9.95,80
Omnath Ramp,http://www.mtgtop8.com/event?e=27412&d=417573&f=ST,Zachary Okorn,730,730,59.95,374
UW Control,http://www.mtgtop8.com/event?e=26968&d=411142&f=ST,Torii Yuuto,112,139,9.95,14
UW Control,http://www.mtgtop8.com/event?e=27014&d=411683&f=ST,Lukas Dusek,276,338,34.95,107
Omnath Ramp,http://www.mtgtop8.com/event?e=27414&d=417596&f=ST,Adam Hernandez,570,568,59.95,338
UW Control,http://www.mtgtop8.com/event?e=27134&d=413434&f=ST,Tristan Cohen-rider,183,218,9.95,79
UW Control,http://www.mtgtop8.com/event?e=26865&d=409394&f=ST,Andrea Cislaghi,149,178,9.95,35
UW Control,http://www.mtgtop8.com/event?e=26949&d=410341&f=ST,Joshua Lea,149,178,9.95,35
UW Control,http://www.mtgtop8.com/event?e=27045&d=412531&f=ST,Tulio Jaudy,195,213,34.95,121
UW Control,http://www.mtgtop8.com/event?e=26900&d=409750&f=ST,Lukas Honnay,198,234,9.95,83
UW Control,http://www.mtgtop8.com/event?e=27045&d=412541&f=ST,Walter Coquemala Filho,325,349,34.95,183
UW Control,http://www.mtgtop8.com/event?e=27082&d=412905&f=ST,Matsui Toshinori,222,256,9.95,94
UW Control,http://www.mtgtop8.com/event?e=26822&d=408412&f=ST,Marlon Cisneros,247,272,34.95,101
UW Control,http://www.mtgtop8.com/event?e=26945&d=410305&f=ST,Lukas Dusek,368,396,9.95,98
UW Control,http://www.mtgtop8.com/event?e=27435&d=417868&f=ST,Seth Manfield,175,145,9.95,85
UW Control,http://www.mtgtop8.com/event?e=26782&d=407788&f=ST,Leon Milton,322,359,34.95,115
UW Control,http://www.mtgtop8.com/event?e=26969&d=411145&f=ST,Joe Lockhart,329,354,34.95,185
UW Control,http://www.mtgtop8.com/event?e=26767&d=407626&f=ST,Adam Wallace,233,250,34.95,109
UW Control,http://www.mtgtop8.com/event?e=26731&d=407226&f=ST,Richard Neal,263,291,34.95,221
UW Control,http://www.mtgtop8.com/event?e=27190&d=413915&f=ST,Joao Victor Pontes,197,208,34.95,117
UW Control,http://www.mtgtop8.com/event?e=26730&d=407166&f=ST,Roman Fusco,339,358,34.95,309
Orzhov DOOM Yorion,http://www.mtgtop8.com/event?e=27238&d=414364&f=ST,Alvaro Garcia Velez,172,187,9.95,85
UW Control,http://www.mtgtop8.com/event?e=26762&d=407556&f=ST,Hosokawa Yuuya,263,292,34.95,221
Orzhov DOOM,http://www.mtgtop8.com/event?e=27157&d=413657&f=ST,Alvaro Garcia Velez,172,186,9.95,85
Orzhov DOOM,http://www.mtgtop8.com/event?e=27041&d=411953&f=ST,Josh Yukawa,268,294,9.95,62
Orzhov DOOM,http://www.mtgtop8.com/event?e=27157&d=413658&f=ST,Hugo Carneiro,126,143,9.95,52
Orzhov DOOM,http://www.mtgtop8.com/event?e=26798&d=407963&f=ST,Stefan Günther,256,280,9.95,52
Orzhov Yorion DOOM,http://www.mtgtop8.com/event?e=26777&d=407703&f=ST,Montserrat Garcia,161,210,9.95,49
Orzhov Yorion DOOM,http://www.mtgtop8.com/event?e=26778&d=407741&f=ST,Rashid Davis,179,196,9.95,67
Orzhov Control,http://www.mtgtop8.com/event?e=27006&d=411581&f=ST,Jonathan Deleon,132,149,9.95,50
Orzhov Yorion DOOM,http://www.mtgtop8.com/event?e=26806&d=408117&f=ST,Mark Johnson,166,183,9.95,75
Orzhov DOOM,http://www.mtgtop8.com/event?e=27034&d=411884&f=ST,Fernando Vieira,172,197,9.95,83
Orzhov DOOM,http://www.mtgtop8.com/event?e=26839&d=408997&f=ST,David Besso,172,192,9.95,88
Bant Control,http://www.mtgtop8.com/event?e=26771&d=407646&f=ST,Marley Lawrence,513,604,34.95,296
Orzhov Yorion,http://www.mtgtop8.com/event?e=27034&d=411881&f=ST,Alvaro Garcia Velez,161,176,9.95,73
Bant Control,http://www.mtgtop8.com/event?e=26723&d=407011&f=ST,Colin Byrne,696,712,59.95,430
Orzhov DOOM,http://www.mtgtop8.com/event?e=27034&d=411879&f=ST,Jonathan Deleon,131,146,9.95,51
Orzhov DOOM,http://www.mtgtop8.com/event?e=26754&d=407464&f=ST,Thug,167,186,9.95,74
6 Orzhov DOOM,http://www.mtgtop8.com/event?e=27042&d=412056&f=ST,Josh Yukawa,258,288,9.95,64
Bant Control,http://www.mtgtop8.com/event?e=26743&d=407348&f=ST,Renzo Arana,656,653,59.95,411
Bant Control,http://www.mtgtop8.com/event?e=26742&d=407338&f=ST,dedallus,708,718,59.95,454
Bant Control,http://www.mtgtop8.com/event?e=26730&d=407162&f=ST,Alfredo Barragan,540,595,34.95,333
Orzhov Yorion DOOM,http://www.mtgtop8.com/event?e=26754&d=407466&f=ST,Montserrat Garcia,169,188,9.95,71
Bant Ramp,http://www.mtgtop8.com/event?e=26906&d=409814&f=ST,Mikel Barcelos,634,664,59.95,365
Bant Ramp,http://www.mtgtop8.com/event?e=26906&d=409816&f=ST,Jae Ho Kwak,558,600,34.95,340
Bant Control,http://www.mtgtop8.com/event?e=26655&d=406110&f=ST,Deshaun Baylock,697,699,59.95,443
Bant Control,http://www.mtgtop8.com/event?e=26686&d=406633&f=ST,Alessandro Ruggiero,739,788,59.95,417
Bant Control,http://www.mtgtop8.com/event?e=26709&d=406897&f=ST,Alessandro Ruggiero,739,800,59.95,417
Bant Control,http://www.mtgtop8.com/event?e=26690&d=406664&f=ST,Hironori Tanaka,635,625,59.95,399
Jund,http://www.mtgtop8.com/event?e=26949&d=410343&f=ST,Jason Moon,247,267,9.95,68
Jund,http://www.mtgtop8.com/event?e=27324&d=416497&f=ST,Renzo Verkooren,80,112,9.95,12
Bant Control,http://www.mtgtop8.com/event?e=26664&d=406434&f=ST,kvza,654,660,59.95,422
Jund,http://www.mtgtop8.com/event?e=26807&d=408128&f=ST,Jason Moon,252,269,9.95,68
Jund Sacrifice,http://www.mtgtop8.com/event?e=26744&d=407359&f=ST,Joseph Sanchez,250,278,9.95,66
Jund Sacrifice,http://www.mtgtop8.com/event?e=26728&d=407087&f=ST,Sancho,250,279,9.95,66
Jund Sacrifice,http://www.mtgtop8.com/event?e=26906&d=409819&f=ST,Ryan Lello,245,278,9.95,54
Jund Sacrifice,http://www.mtgtop8.com/event?e=26714&d=406953&f=ST,Bryan Gutierrez,265,293,9.95,71
Jund Sacrifice,http://www.mtgtop8.com/event?e=26695&d=406728&f=ST,Michael Bonde,245,281,9.95,55
Izzet Control,http://www.mtgtop8.com/event?e=27240&d=414387&f=ST,Robbe Schildermans,29,49,9.95,12
Jund Sacrifice,http://www.mtgtop8.com/event?e=26762&d=407557&f=ST,Takahashi Ippei,257,285,9.95,59
UB Control,http://www.mtgtop8.com/event?e=27324&d=416494&f=ST,Sander De Quick,76,113,9.95,6
Jund Sacrifice,http://www.mtgtop8.com/event?e=26742&d=407341&f=ST,EthanGriffith,250,283,9.95,66
4cc,http://www.mtgtop8.com/event?e=26699&d=406787&f=ST,Allan Araujo Gontijo,302,334,34.95,141
UB Control,http://www.mtgtop8.com/event?e=27430&d=417795&f=ST,Rashid Davis,225,224,34.95,123
Izzet Control,http://www.mtgtop8.com/event?e=26877&d=409531&f=ST,Quinten Cauwelier,41,67,9.95,14
UR Control,http://www.mtgtop8.com/event?e=27085&d=412942&f=ST,Ward Beutels,33,59,9.95,5
UB Control,http://www.mtgtop8.com/event?e=26685&d=406615&f=ST,Peter Jönsson,73,111,9.95,5
Izzet Control,http://www.mtgtop8.com/event?e=26877&d=409533&f=ST,Teddie Andersson,67,107,9.95,14
UB Control,http://www.mtgtop8.com/event?e=27038&d=411909&f=ST,Lautaro Valenzuela,192,216,9.95,80
4c Control,http://www.mtgtop8.com/event?e=26760&d=407537&f=ST,Harodt Loveday,634,624,34.95,326
Izzet Control,http://www.mtgtop8.com/event?e=27445&d=417984&f=ST,Teddie Andersson,71,121,9.95,19
UB Control,http://www.mtgtop8.com/event?e=26685&d=406625&f=ST,Teddie Andersson,74,112,9.95,5
UB Control,http://www.mtgtop8.com/event?e=26772&d=407654&f=ST,Sander De Quick,74,113,9.95,5
4cc,http://www.mtgtop8.com/event?e=26742&d=407337&f=ST,Phil_Ivey,552,545,59.95,390
UB Control,http://www.mtgtop8.com/event?e=26772&d=407653&f=ST,Peter Jönsson,73,111,9.95,5
Esper DOOM Uro,http://www.mtgtop8.com/event?e=27343&d=416798&f=ST,Yokokawa Yuuta,637,664,34.95,297
4cc,http://www.mtgtop8.com/event?e=27408&d=417480&f=ST,Brad Nelson,488,463,59.95,322
Esper Yorion,http://www.mtgtop8.com/event?e=27379&d=417146&f=ST,DontKnoxTheHustle,230,258,9.95,66
Niv-Mizzet Reborn,http://www.mtgtop8.com/event?e=27093&d=413013&f=ST,Julio Sosa,493,496,34.95,267
4c Yorion,http://www.mtgtop8.com/event?e=27448&d=418015&f=ST,Phill_Hellmuth,488,463,59.95,325
Esper Control,http://www.mtgtop8.com/event?e=27343&d=416796&f=ST,Itou Motoaki,172,195,9.95,79
Esper DOOM Yorion,http://www.mtgtop8.com/event?e=27067&d=412713&f=ST,Stefan Günther,232,262,9.95,43
6 Simic Control,http://www.mtgtop8.com/event?e=27390&d=417275&f=ST,Sam Snyder,808,674,59.95,425
6 Esper DOOM Yorion,http://www.mtgtop8.com/event?e=27045&d=412515&f=ST,Davide Conterno,225,255,9.95,38
Simic Control,http://www.mtgtop8.com/event?e=26947&d=410327&f=ST,Takeno Ryou,587,663,59.95,289
Simic Control,http://www.mtgtop8.com/event?e=26848&d=409190&f=ST,Ian Birrell,647,741,34.95,312
Rakdos Control,http://www.mtgtop8.com/event?e=27240&d=414386&f=ST,Jelle Lauwers,43,52,9.95,4
Esper Control,http://www.mtgtop8.com/event?e=27034&d=411871&f=ST,Stefan Günther,252,283,9.95,54
Rakdos Control,http://www.mtgtop8.com/event?e=27085&d=412943&f=ST,Jelle Lauwers,54,61,9.95,12
Jeskai Control,http://www.mtgtop8.com/event?e=26883&d=409589&f=ST,Lukas Dusek,354,386,9.95,97
Jeskai Control,http://www.mtgtop8.com/event?e=26808&d=408140&f=ST,Thiago Almeida,379,487,34.95,122
Bant Gyruda,http://www.mtgtop8.com/event?e=26837&d=408579&f=ST,Eric Richards,277,295,9.95,40
Mono Black Control,http://www.mtgtop8.com/event?e=27006&d=411582&f=ST,Vitor Costa,212,301,34.95,146
Mono Black Control,http://www.mtgtop8.com/event?e=26947&d=410326&f=ST,Nagata Akihiko,144,216,9.95,74
Gyruda,http://www.mtgtop8.com/event?e=27258&d=414585&f=ST,Synergizer,460,473,34.95,106
Grixis Control,http://www.mtgtop8.com/event?e=26685&d=406626&f=ST,Robbe Schildermans,25,45,9.95,12
